<RefTypes version="17"><RefType id="0" name="Journal Article"><Fields><Field id="2" order="10">Author</Field><Field id="3" order="20">Year</Field><Field id="4" order="30">Title</Field><Field id="6" order="50">Journal</Field><Field id="7" order="80">Volume</Field><Field id="8" order="100">Issue</Field><Field id="5" order="110">Pages</Field><Field id="35" order="120">Start Page</Field><Field id="14" order="150">Epub Date</Field><Field id="17" order="160">Date</Field><Field id="16" order="170">Type of Article</Field><Field id="32" order="190">Short Title</Field><Field id="29" order="200">Alternate Journal</Field><Field id="24" order="210">ISSN</Field><Field id="43" order="220">DOI</Field><Field id="36" order="230">Original Publication</Field><Field id="37" order="240">Reprint Edition</Field><Field id="38" order="250">Reviewed Item</Field><Field id="25" order="260">Legal Note</Field><Field id="26" order="270">PMCID</Field><Field id="34" order="310">NIHMSID</Field><Field id="42" order="320">Article Number</Field><Field id="30" order="340">Accession Number</Field><Field id="31" order="350">Call Number</Field><Field id="19" order="360">Label</Field><Field id="15" order="370">Keywords</Field><Field id="18" order="380">Abstract</Field><Field id="23" order="390">Notes</Field><Field id="49" order="400">Research Notes</Field><Field id="20" order="410">URL</Field><Field id="44" order="420">File Attachments</Field><Field id="39" order="430">Author Address</Field><Field id="40" order="440">Figure</Field><Field id="41" order="450">Caption</Field><Field id="51" order="460">Access Date</Field><Field id="45" order="470">Translated Author</Field><Field id="46" order="480">Translated Title</Field><Field id="47" order="490">Name of Database</Field><Field id="48" order="500">Database Provider</Field><Field id="50" order="510">Language</Field></Fields></RefType><RefType id="1" name="Book"><Fields><Field id="2" order="10">Author</Field><Field id="3" order="20">Year</Field><Field id="4" order="30">Title</Field><Field id="10" order="40">Series Editor</Field><Field id="6" order="50">Series Title</Field><Field id="11" order="60">Place Published</Field><Field id="12" order="70">Publisher</Field><Field id="7" order="80">Volume</Field><Field id="9" order="90">Number of Volumes</Field><Field id="8" order="100">Series Volume</Field><Field id="5" order="110">Number of Pages</Field><Field id="35" order="120">Pages</Field><Field id="22" order="130">Editor</Field><Field id="14" order="150">Edition</Field><Field id="17" order="160">Date</Field><Field id="16" order="170">Type of Work</Field><Field id="13" order="180">Translator</Field><Field id="32" order="190">Short Title</Field><Field id="29" order="200">Abbreviation</Field><Field id="24" order="210">ISBN</Field><Field id="43" order="220">DOI</Field><Field id="36" order="230">Original Publication</Field><Field id="37" order="240">Reprint Edition</Field><Field id="27" order="280">Title Prefix</Field><Field id="28" order="290">Reviewer</Field><Field id="30" order="340">Accession Number</Field><Field id="31" order="350">Call Number</Field><Field id="19" order="360">Label</Field><Field id="15" order="370">Keywords</Field><Field id="18" order="380">Abstract</Field><Field id="23" order="390">Notes</Field><Field id="49" order="400">Research Notes</Field><Field id="20" order="410">URL</Field><Field id="44" order="420">File Attachments</Field><Field id="39" order="430">Author Address</Field><Field id="40" order="440">Figure</Field><Field id="41" order="450">Caption</Field><Field id="51" order="460">Access Date</Field><Field id="45" order="470">Translated Author</Field><Field id="46" order="480">Translated Title</Field><Field id="47" order="490">Name of Database</Field><Field id="48" order="500">Database Provider</Field><Field id="50" order="510">Language</Field></Fields></RefType><RefType id="2" name="Thesis"><Fields><Field id="2" order="10">Author</Field><Field id="3" order="20">Year</Field><Field id="4" order="30">Title</Field><Field id="6" order="50">Academic Department</Field><Field id="11" order="60">Place Published</Field><Field id="12" order="70">University</Field><Field id="7" order="80">Degree</Field><Field id="8" order="100">Document Number</Field><Field id="5" order="110">Number of Pages</Field><Field id="22" order="130">Advisor</Field><Field id="17" order="160">Date</Field><Field id="16" order="170">Thesis Type</Field><Field id="32" order="190">Short Title</Field><Field id="24" order="210">ISBN</Field><Field id="43" order="220">DOI</Field><Field id="30" order="340">Accession Number</Field><Field id="31" order="350">Call Number</Field><Field id="19" order="360">Label</Field><Field id="15" order="370">Keywords</Field><Field id="18" order="380">Abstract</Field><Field id="23" order="390">Notes</Field><Field id="49" order="400">Research Notes</Field><Field id="20" order="410">URL</Field><Field id="44" order="420">File Attachments</Field><Field id="39" order="430">Author Address</Field><Field id="40" order="440">Figure</Field><Field id="41" order="450">Caption</Field><Field id="51" order="460">Access Date</Field><Field id="45" order="470">Translated Author</Field><Field id="46" order="480">Translated Title</Field><Field id="47" order="490">Name of Database</Field><Field id="48" order="500">Database Provider</Field><Field id="50" order="510">Language</Field></Fields></RefType><RefType id="3" name="Conference Proceedings"><Fields><Field id="2" order="10">Author</Field><Field id="3" order="20">Year of Conference</Field><Field id="4" order="30">Title</Field><Field id="10" order="40">Editor</Field><Field id="6" order="50">Conference Name</Field><Field id="11" order="60">Conference Location</Field><Field id="12" order="70">Publisher</Field><Field id="7" order="80">Volume</Field><Field id="9" order="90">Number of Volumes</Field><Field id="8" order="100">Issue</Field><Field id="5" order="110">Pages</Field><Field id="22" order="130">Series Editor</Field><Field id="21" order="140">Series Title</Field><Field id="14" order="150">Edition</Field><Field id="17" order="160">Date</Field><Field id="13" order="180">Sponsor</Field><Field id="32" order="190">Short Title</Field><Field id="24" order="210">ISBN</Field><Field id="43" order="220">DOI</Field><Field id="36" order="230">Source</Field><Field id="25" order="260">Place Published</Field><Field id="26" order="270">Year Published</Field><Field id="27" order="280">Proceedings Title</Field><Field id="33" order="300">Packaging Method</Field><Field id="30" order="340">Accession Number</Field><Field id="31" order="350">Call Number</Field><Field id="19" order="360">Label</Field><Field id="15" order="370">Keywords</Field><Field id="18" order="380">Abstract</Field><Field id="23" order="390">Notes</Field><Field id="49" order="400">Research Notes</Field><Field id="20" order="410">URL</Field><Field id="44" order="420">File Attachments</Field><Field id="39" order="430">Author Address</Field><Field id="40" order="440">Figure</Field><Field id="41" order="450">Caption</Field><Field id="51" order="460">Access Date</Field><Field id="45" order="470">Translated Author</Field><Field id="46" order="480">Translated Title</Field><Field id="47" order="490">Name of Database</Field><Field id="48" order="500">Database Provider</Field><Field id="50" order="510">Language</Field></Fields></RefType><RefType id="4" name="Personal Communication"><Fields><Field id="2" order="10">Author</Field><Field id="3" order="20">Year</Field><Field id="4" order="30">Title</Field><Field id="10" order="40">Recipient</Field><Field id="11" order="60">Place Published</Field><Field id="12" order="70">Publisher</Field><Field id="9" order="90">Communication Number</Field><Field id="8" order="100">Folio Number</Field><Field id="5" order="110">Pages</Field><Field id="14" order="150">Description</Field><Field id="17" order="160">Date</Field><Field id="16" order="170">Type</Field><Field id="32" order="190">Short Title</Field><Field id="29" order="200">Abbreviation</Field><Field id="43" order="220">DOI</Field><Field id="25" order="260">Senders E-Mail</Field><Field id="26" order="270">Recipients E-Mail</Field><Field id="30" order="340">Accession Number</Field><Field id="31" order="350">Call Number</Field><Field id="19" order="360">Label</Field><Field id="15" order="370">Keywords</Field><Field id="18" order="380">Abstract</Field><Field id="23" order="390">Notes</Field><Field id="49" order="400">Research Notes</Field><Field id="20" order="410">URL</Field><Field id="44" order="420">File Attachments</Field><Field id="39" order="430">Author Address</Field><Field id="40" order="440">Figure</Field><Field id="41" order="450">Caption</Field><Field id="51" order="460">Access Date</Field><Field id="45" order="470">Translated Author</Field><Field id="46" order="480">Translated Title</Field><Field id="47" order="490">Name of Database</Field><Field id="48" order="500">Database Provider</Field><Field id="50" order="510">Language</Field></Fields></RefType><RefType id="5" name="Newspaper Article"><Fields><Field id="2" order="10">Reporter</Field><Field id="3" order="20">Year</Field><Field id="4" order="30">Title</Field><Field id="6" order="50">Newspaper</Field><Field id="11" order="60">Place Published</Field><Field id="12" order="70">Publisher</Field><Field id="7" order="80">Volume</Field><Field id="9" order="90">Frequency</Field><Field id="8" order="100">Start Page</Field><Field id="5" order="110">Pages</Field><Field id="35" order="120">Section</Field><Field id="14" order="150">Edition</Field><Field id="17" order="160">Issue Date</Field><Field id="16" order="170">Type of Article</Field><Field id="32" order="190">Short Title</Field><Field id="24" order="210">ISSN</Field><Field id="43" order="220">DOI</Field><Field id="36" order="230">Original Publication</Field><Field id="37" order="240">Reprint Edition</Field><Field id="38" order="250">Reviewed Item</Field><Field id="25" order="260">Column</Field><Field id="26" order="270">Issue</Field><Field id="30" order="340">Accession Number</Field><Field id="31" order="350">Call Number</Field><Field id="19" order="360">Label</Field><Field id="15" order="370">Keywords</Field><Field id="18" order="380">Abstract</Field><Field id="23" order="390">Notes</Field><Field id="49" order="400">Research Notes</Field><Field id="20" order="410">URL</Field><Field id="44" order="420">File Attachments</Field><Field id="39" order="430">Author Address</Field><Field id="40" order="440">Figure</Field><Field id="41" order="450">Caption</Field><Field id="51" order="460">Access Date</Field><Field id="45" order="470">Translated Author</Field><Field id="46" order="480">Translated Title</Field><Field id="47" order="490">Name of Database</Field><Field id="48" order="500">Database Provider</Field><Field id="50" order="510">Language</Field></Fields></RefType><RefType id="6" name="Computer Program"><Fields><Field id="2" order="10">Programmer</Field><Field id="3" order="20">Year</Field><Field id="4" order="30">Title</Field><Field id="10" order="40">Series Editor</Field><Field id="6" order="50">Series Title</Field><Field id="11" order="60">Place Published</Field><Field id="12" order="70">Publisher</Field><Field id="7" order="80">Edition</Field><Field id="5" order="110">Description</Field><Field id="14" order="150">Version</Field><Field id="16" order="170">Type</Field><Field id="32" order="190">Short Title</Field><Field id="29" order="200">Alternate Title</Field><Field id="24" order="210">ISBN</Field><Field id="43" order="220">DOI</Field><Field id="36" order="230">Contents</Field><Field id="25" order="260">Computer</Field><Field id="30" order="340">Accession Number</Field><Field id="31" order="350">Call Number</Field><Field id="19" order="360">Label</Field><Field id="15" order="370">Keywords</Field><Field id="18" order="380">Abstract</Field><Field id="23" order="390">Notes</Field><Field id="49" order="400">Research Notes</Field><Field id="20" order="410">URL</Field><Field id="44" order="420">File Attachments</Field><Field id="39" order="430">Author Address</Field><Field id="40" order="440">Figure</Field><Field id="41" order="450">Caption</Field><Field id="51" order="460">Access Date</Field><Field id="45" order="470">Translated Author</Field><Field id="46" order="480">Translated Title</Field><Field id="47" order="490">Name of Database</Field><Field id="48" order="500">Database Provider</Field><Field id="50" order="510">Language</Field></Fields></RefType><RefType id="7" name="Book Section"><Fields><Field id="2" order="10">Author</Field><Field id="3" order="20">Year</Field><Field id="4" order="30">Title</Field><Field id="10" order="40">Editor</Field><Field id="6" order="50">Book Title</Field><Field id="11" order="60">Place Published</Field><Field id="12" order="70">Publisher</Field><Field id="7" order="80">Volume</Field><Field id="9" order="90">Number of Volumes</Field><Field id="8" order="100">Series Volume</Field><Field id="5" order="110">Pages</Field><Field id="35" order="120">Chapter</Field><Field id="22" order="130">Series Editor</Field><Field id="21" order="140">Series Title</Field><Field id="14" order="150">Edition</Field><Field id="13" order="180">Translator</Field><Field id="32" order="190">Short Title</Field><Field id="29" order="200">Abbreviation</Field><Field id="24" order="210">ISBN</Field><Field id="43" order="220">DOI</Field><Field id="36" order="230">Original Publication</Field><Field id="37" order="240">Reprint Edition</Field><Field id="38" order="250">Reviewed Item</Field><Field id="25" order="260">Section</Field><Field id="27" order="280">Title Prefix</Field><Field id="28" order="290">Reviewer</Field><Field id="33" order="300">Packaging Method</Field><Field id="30" order="340">Accession Number</Field><Field id="31" order="350">Call Number</Field><Field id="19" order="360">Label</Field><Field id="15" order="370">Keywords</Field><Field id="18" order="380">Abstract</Field><Field id="23" order="390">Notes</Field><Field id="49" order="400">Research Notes</Field><Field id="20" order="410">URL</Field><Field id="44" order="420">File Attachments</Field><Field id="39" order="430">Author Address</Field><Field id="40" order="440">Figure</Field><Field id="41" order="450">Caption</Field><Field id="51" order="460">Access Date</Field><Field id="45" order="470">Translated Author</Field><Field id="46" order="480">Translated Title</Field><Field id="47" order="490">Name of Database</Field><Field id="48" order="500">Database Provider</Field><Field id="50" order="510">Language</Field></Fields></RefType><RefType id="8" name="Magazine Article"><Fields><Field id="2" order="10">Author</Field><Field id="3" order="20">Year</Field><Field id="4" order="30">Title</Field><Field id="6" order="50">Magazine</Field><Field id="11" order="60">Place Published</Field><Field id="12" order="70">Publisher</Field><Field id="7" order="80">Volume</Field><Field id="9" order="90">Frequency</Field><Field id="8" order="100">Issue Number</Field><Field id="5" order="110">Pages</Field><Field id="35" order="120">Start Page</Field><Field id="14" order="150">Edition</Field><Field id="17" order="160">Date</Field><Field id="16" order="170">Type of Article</Field><Field id="32" order="190">Short Title</Field><Field id="29" order="200">Alternate Magazine</Field><Field id="24" order="210">ISSN</Field><Field id="43" order="220">DOI</Field><Field id="36" order="230">Original Publication</Field><Field id="37" order="240">Reprint Edition</Field><Field id="38" order="250">Reviewed Item</Field><Field id="30" order="340">Accession Number</Field><Field id="31" order="350">Call Number</Field><Field id="19" order="360">Label</Field><Field id="15" order="370">Keywords</Field><Field id="18" order="380">Abstract</Field><Field id="23" order="390">Notes</Field><Field id="49" order="400">Research Notes</Field><Field id="20" order="410">URL</Field><Field id="44" order="420">File Attachments</Field><Field id="39" order="430">Author Address</Field><Field id="40" order="440">Figure</Field><Field id="41" order="450">Caption</Field><Field id="51" order="460">Access Date</Field><Field id="45" order="470">Translated Author</Field><Field id="46" order="480">Translated Title</Field><Field id="47" order="490">Name of Database</Field><Field id="48" order="500">Database Provider</Field><Field id="50" order="510">Language</Field></Fields></RefType><RefType id="9" name="Edited Book"><Fields><Field id="2" order="10">Editor</Field><Field id="3" order="20">Year</Field><Field id="4" order="30">Title</Field><Field id="10" order="40">Series Editor</Field><Field id="6" order="50">Series Title</Field><Field id="11" order="60">Place Published</Field><Field id="12" order="70">Publisher</Field><Field id="7" order="80">Volume</Field><Field id="9" order="90">Number of Volumes</Field><Field id="8" order="100">Series Volume</Field><Field id="5" order="110">Number of Pages</Field><Field id="14" order="150">Edition</Field><Field id="17" order="160">Date</Field><Field id="16" order="170">Type of Work</Field><Field id="13" order="180">Translator</Field><Field id="32" order="190">Short Title</Field><Field id="29" order="200">Alternate Title</Field><Field id="24" order="210">ISBN</Field><Field id="43" order="220">DOI</Field><Field id="36" order="230">Original Publication</Field><Field id="37" order="240">Reprint Edition</Field><Field id="42" order="320">Contents</Field><Field id="30" order="340">Accession Number</Field><Field id="31" order="350">Call Number</Field><Field id="19" order="360">Label</Field><Field id="15" order="370">Keywords</Field><Field id="18" order="380">Abstract</Field><Field id="23" order="390">Notes</Field><Field id="49" order="400">Research Notes</Field><Field id="20" order="410">URL</Field><Field id="44" order="420">File Attachments</Field><Field id="39" order="430">Editor Address</Field><Field id="40" order="440">Figure</Field><Field id="41" order="450">Caption</Field><Field id="51" order="460">Access Date</Field><Field id="45" order="470">Translated Author</Field><Field id="46" order="480">Translated Title</Field><Field id="47" order="490">Name of Database</Field><Field id="48" order="500">Database Provider</Field><Field id="50" order="510">Language</Field></Fields></RefType><RefType id="10" name="Report"><Fields><Field id="2" order="10">Author</Field><Field id="3" order="20">Year</Field><Field id="4" order="30">Title</Field><Field id="10" order="40">Series Editor</Field><Field id="6" order="50">Series Title</Field><Field id="11" order="60">Place Published</Field><Field id="12" order="70">Institution</Field><Field id="7" order="80">Volume</Field><Field id="9" order="90">Series Volume</Field><Field id="8" order="100">Document Number</Field><Field id="5" order="110">Pages</Field><Field id="22" order="130">Publisher</Field><Field id="14" order="150">Edition</Field><Field id="17" order="160">Date</Field><Field id="16" order="170">Type</Field><Field id="13" order="180">Department/Division</Field><Field id="32" order="190">Short Title</Field><Field id="29" order="200">Alternate Title</Field><Field id="24" order="210">Report Number</Field><Field id="43" order="220">DOI</Field><Field id="36" order="230">Contents</Field><Field id="34" order="310">Issue</Field><Field id="30" order="340">Accession Number</Field><Field id="31" order="350">Call Number</Field><Field id="19" order="360">Label</Field><Field id="15" order="370">Keywords</Field><Field id="18" order="380">Abstract</Field><Field id="23" order="390">Notes</Field><Field id="49" order="400">Research Notes</Field><Field id="20" order="410">URL</Field><Field id="44" order="420">File Attachments</Field><Field id="39" order="430">Author Address</Field><Field id="40" order="440">Figure</Field><Field id="41" order="450">Caption</Field><Field id="51" order="460">Access Date</Field><Field id="45" order="470">Translated Author</Field><Field id="46" order="480">Translated Title</Field><Field id="47" order="490">Name of Database</Field><Field id="48" order="500">Database Provider</Field><Field id="50" order="510">Language</Field></Fields></RefType><RefType id="11" name="Map"><Fields><Field id="2" order="10">Cartographer</Field><Field id="3" order="20">Year</Field><Field id="4" order="30">Title</Field><Field id="10" order="40">Series Editor</Field><Field id="6" order="50">Series Title</Field><Field id="11" order="60">Place Published</Field><Field id="12" order="70">Publisher</Field><Field id="5" order="110">Description</Field><Field id="14" order="150">Edition</Field><Field id="17" order="160">Date</Field><Field id="16" order="170">Type</Field><Field id="32" order="190">Short Title</Field><Field id="29" order="200">Alternate Title</Field><Field id="24" order="210">ISBN</Field><Field id="43" order="220">DOI</Field><Field id="37" order="240">Reprint Edition</Field><Field id="25" order="260">Scale</Field><Field id="26" order="270">Area</Field><Field id="27" order="280">Size</Field><Field id="33" order="300">Packaging Method</Field><Field id="30" order="340">Accession Number</Field><Field id="31" order="350">Call Number</Field><Field id="19" order="360">Label</Field><Field id="15" order="370">Keywords</Field><Field id="18" order="380">Abstract</Field><Field id="23" order="390">Notes</Field><Field id="49" order="400">Research Notes</Field><Field id="20" order="410">URL</Field><Field id="44" order="420">File Attachments</Field><Field id="39" order="430">Author Address</Field><Field id="40" order="440">Figure</Field><Field id="41" order="450">Caption</Field><Field id="51" order="460">Access Date</Field><Field id="45" order="470">Translated Author</Field><Field id="46" order="480">Translated Title</Field><Field id="47" order="490">Name of Database</Field><Field id="48" order="500">Database Provider</Field><Field id="50" order="510">Language</Field></Fields></RefType><RefType id="12" name="Audiovisual Material"><Fields><Field id="2" order="10">Author</Field><Field id="3" order="20">Year</Field><Field id="4" order="30">Title</Field><Field id="10" order="40">Series Editor</Field><Field id="6" order="50">Series Title</Field><Field id="11" order="60">Place Published</Field><Field id="12" order="70">Publisher</Field><Field id="7" order="80">Volume</Field><Field id="9" order="90">Extent of Work</Field><Field id="8" order="100">Number</Field><Field id="14" order="150">Edition</Field><Field id="17" order="160">Date</Field><Field id="16" order="170">Type</Field><Field id="13" order="180">Performers</Field><Field id="32" order="190">Short Title</Field><Field id="29" order="200">Alternate Title</Field><Field id="24" order="210">ISBN</Field><Field id="43" order="220">DOI</Field><Field id="36" order="230">Contents</Field><Field id="25" order="260">Cast</Field><Field id="26" order="270">Credits</Field><Field id="27" order="280">Size/Length</Field><Field id="33" order="300">Format</Field><Field id="30" order="340">Accession Number</Field><Field id="31" order="350">Call Number</Field><Field id="19" order="360">Label</Field><Field id="15" order="370">Keywords</Field><Field id="18" order="380">Abstract</Field><Field id="23" order="390">Notes</Field><Field id="49" order="400">Research Notes</Field><Field id="20" order="410">URL</Field><Field id="44" order="420">File Attachments</Field><Field id="39" order="430">Author Address</Field><Field id="40" order="440">Figure</Field><Field id="41" order="450">Caption</Field><Field id="51" order="460">Access Date</Field><Field id="45" order="470">Translated Author</Field><Field id="46" order="480">Translated Title</Field><Field id="47" order="490">Name of Database</Field><Field id="48" order="500">Database Provider</Field><Field id="50" order="510">Language</Field></Fields></RefType><RefType id="13" name="Artwork"><Fields><Field id="2" order="10">Artist</Field><Field id="3" order="20">Year</Field><Field id="4" order="30">Title</Field><Field id="11" order="60">Place Published</Field><Field id="12" order="70">Publisher</Field><Field id="8" order="100">Size</Field><Field id="5" order="110">Description</Field><Field id="14" order="150">Edition</Field><Field id="17" order="160">Date</Field><Field id="16" order="170">Type of Work</Field><Field id="32" order="190">Short Title</Field><Field id="29" order="200">Alternate Title</Field><Field id="43" order="220">DOI</Field><Field id="27" order="280">Size/Length</Field><Field id="30" order="340">Accession Number</Field><Field id="31" order="350">Call Number</Field><Field id="19" order="360">Label</Field><Field id="15" order="370">Keywords</Field><Field id="18" order="380">Abstract</Field><Field id="23" order="390">Notes</Field><Field id="49" order="400">Research Notes</Field><Field id="20" order="410">URL</Field><Field id="44" order="420">File Attachments</Field><Field id="39" order="430">Author Address</Field><Field id="40" order="440">Figure</Field><Field id="41" order="450">Caption</Field><Field id="51" order="460">Access Date</Field><Field id="45" order="470">Translated Author</Field><Field id="46" order="480">Translated Title</Field><Field id="47" order="490">Name of Database</Field><Field id="48" order="500">Database Provider</Field><Field id="50" order="510">Language</Field></Fields></RefType><RefType id="14" name="1.Web"><Fields><Field id="2" order="10">Author</Field><Field id="4" order="30">Title</Field><Field id="17" order="160">Date</Field><Field id="32" order="190">Short Title</Field><Field id="20" order="410">URL</Field></Fields></RefType><RefType id="15" name="Patent"><Fields><Field id="2" order="10">Inventor</Field><Field id="3" order="20">Year</Field><Field id="4" order="30">Title</Field><Field id="10" order="40">Issuing Organization</Field><Field id="6" order="50">Published Source</Field><Field id="11" order="60">Country</Field><Field id="12" order="70">Assignee</Field><Field id="7" order="80">Patent Version Number</Field><Field id="9" order="90">US Patent Classification</Field><Field id="8" order="100">Application Number</Field><Field id="5" order="110">Pages</Field><Field id="35" order="120">International Patent Number</Field><Field id="22" order="130">International Title</Field><Field id="21" order="140">International Author</Field><Field id="14" order="150">International Patent Classification</Field><Field id="17" order="160">Date</Field><Field id="16" order="170">Patent Type</Field><Field id="32" order="190">Short Title</Field><Field id="24" order="210">Patent Number</Field><Field id="43" order="220">DOI</Field><Field id="36" order="230">Priority Numbers</Field><Field id="26" order="270">Issue Date</Field><Field id="27" order="280">Designated States</Field><Field id="28" order="290">Attorney/Agent</Field><Field id="33" order="300">References</Field><Field id="34" order="310">Legal Status</Field><Field id="30" order="340">Accession Number</Field><Field id="31" order="350">Call Number</Field><Field id="19" order="360">Label</Field><Field id="15" order="370">Keywords</Field><Field id="18" order="380">Abstract</Field><Field id="23" order="390">Notes</Field><Field id="49" order="400">Research Notes</Field><Field id="20" order="410">URL</Field><Field id="44" order="420">File Attachments</Field><Field id="39" order="430">Inventor Address</Field><Field id="40" order="440">Figure</Field><Field id="41" order="450">Caption</Field><Field id="51" order="460">Access Date</Field><Field id="45" order="470">Translated Author</Field><Field id="46" order="480">Translated Title</Field><Field id="47" order="490">Name of Database</Field><Field id="48" order="500">Database Provider</Field><Field id="50" order="510">Language</Field></Fields></RefType><RefType id="16" name="Web Page"><Fields><Field id="2" order="10">Author</Field><Field id="3" order="20">Year</Field><Field id="4" order="30">Title</Field><Field id="11" order="60">.Place Published</Field><Field id="12" order="70">.Publisher</Field><Field id="7" order="80">.Access Year</Field><Field id="8" order="100">.Access Date</Field><Field id="5" order="110">.Description</Field><Field id="14" order="150">Edition</Field><Field id="17" order="160">Last Update Date</Field><Field id="16" order="170">Type of Medium</Field><Field id="32" order="190">Short Title</Field><Field id="29" order="200">Alternate Title</Field><Field id="24" order="210">ISBN</Field><Field id="43" order="220">DOI</Field><Field id="36" order="230">Contents</Field><Field id="25" order="260">Year Cited</Field><Field id="26" order="270">Date Cited</Field><Field id="30" order="340">Accession Number</Field><Field id="31" order="350">Call Number</Field><Field id="19" order="360">Label</Field><Field id="15" order="370">Keywords</Field><Field id="18" order="380">Abstract</Field><Field id="23" order="390">Notes</Field><Field id="49" order="400">Research Notes</Field><Field id="20" order="410">URL</Field><Field id="44" order="420">File Attachments</Field><Field id="39" order="430">Author Address</Field><Field id="40" order="440">Figure</Field><Field id="41" order="450">Caption</Field><Field id="45" order="470">Translated Author</Field><Field id="46" order="480">Translated Title</Field><Field id="47" order="490">Name of Database</Field><Field id="48" order="500">Database Provider</Field><Field id="50" order="510">Language</Field></Fields></RefType><RefType id="17" name="Bill"><Fields><Field id="3" order="20">Year</Field><Field id="4" order="30">Title</Field><Field id="6" order="50">Code</Field><Field id="7" order="80">Code Volume</Field><Field id="8" order="100">Bill Number</Field><Field id="5" order="110">Code Pages</Field><Field id="35" order="120">Code Section</Field><Field id="21" order="140">Legislative Body</Field><Field id="14" order="150">Session</Field><Field id="17" order="160">Date</Field><Field id="13" order="180">Sponsor</Field><Field id="32" order="190">Short Title</Field><Field id="43" order="220">DOI</Field><Field id="36" order="230">History</Field><Field id="30" order="340">Accession Number</Field><Field id="31" order="350">Call Number</Field><Field id="19" order="360">Label</Field><Field id="15" order="370">Keywords</Field><Field id="18" order="380">Abstract</Field><Field id="23" order="390">Notes</Field><Field id="49" order="400">Research Notes</Field><Field id="20" order="410">URL</Field><Field id="44" order="420">File Attachments</Field><Field id="39" order="430">Author Address</Field><Field id="40" order="440">Figure</Field><Field id="41" order="450">Caption</Field><Field id="51" order="460">Access Date</Field><Field id="45" order="470">Translated Author</Field><Field id="46" order="480">Translated Title</Field><Field id="47" order="490">Name of Database</Field><Field id="48" order="500">Database Provider</Field><Field id="50" order="510">Language</Field></Fields></RefType><RefType id="18" name="Case"><Fields><Field id="3" order="20">Year Decided</Field><Field id="4" order="30">Case Name</Field><Field id="6" order="50">Reporter</Field><Field id="12" order="70">Court</Field><Field id="7" order="80">Reporter Volume</Field><Field id="9" order="90">Reporter Abbreviation</Field><Field id="8" order="100">Docket Number</Field><Field id="5" order="110">First Page</Field><Field id="35" order="120">Filed Date</Field><Field id="22" order="130">Higher Court</Field><Field id="21" order="140">Decision</Field><Field id="14" order="150">Action of Higher Court</Field><Field id="17" order="160">Date Decided</Field><Field id="16" order="170">Citation of Reversal</Field><Field id="13" order="180">Counsel</Field><Field id="32" order="190">Abbreviated Case Name</Field><Field id="29" order="200">Parallel Citation</Field><Field id="43" order="220">DOI</Field><Field id="36" order="230">History</Field><Field id="30" order="340">Accession Number</Field><Field id="31" order="350">Call Number</Field><Field id="19" order="360">Label</Field><Field id="15" order="370">Keywords</Field><Field id="18" order="380">Abstract</Field><Field id="23" order="390">Notes</Field><Field id="49" order="400">Research Notes</Field><Field id="20" order="410">URL</Field><Field id="44" order="420">File Attachments</Field><Field id="39" order="430">Author Address</Field><Field id="40" order="440">Figure</Field><Field id="41" order="450">Caption</Field><Field id="51" order="460">Access Date</Field><Field id="45" order="470">Translated Author</Field><Field id="46" order="480">Translated Title</Field><Field id="47" order="490">Name of Database</Field><Field id="48" order="500">Database Provider</Field><Field id="50" order="510">Language</Field></Fields></RefType><RefType id="19" name="Hearing"><Fields><Field id="3" order="20">Year</Field><Field id="4" order="30">Title</Field><Field id="6" order="50">Committee</Field><Field id="11" order="60">Place Published</Field><Field id="12" order="70">Publisher</Field><Field id="9" order="90">Number of Volumes</Field><Field id="8" order="100">Document Number</Field><Field id="5" order="110">Pages</Field><Field id="21" order="140">Legislative Body</Field><Field id="14" order="150">Session</Field><Field id="17" order="160">Date</Field><Field id="32" order="190">Short Title</Field><Field id="24" order="210">ISBN</Field><Field id="43" order="220">DOI</Field><Field id="36" order="230">History</Field><Field id="26" order="270">Congress Number</Field><Field id="30" order="340">Accession Number</Field><Field id="31" order="350">Call Number</Field><Field id="19" order="360">Label</Field><Field id="15" order="370">Keywords</Field><Field id="18" order="380">Abstract</Field><Field id="23" order="390">Notes</Field><Field id="49" order="400">Research Notes</Field><Field id="20" order="410">URL</Field><Field id="44" order="420">File Attachments</Field><Field id="39" order="430">Author Address</Field><Field id="40" order="440">Figure</Field><Field id="41" order="450">Caption</Field><Field id="51" order="460">Access Date</Field><Field id="45" order="470">Translated Author</Field><Field id="46" order="480">Translated Title</Field><Field id="47" order="490">Name of Database</Field><Field id="48" order="500">Database Provider</Field><Field id="50" order="510">Language</Field></Fields></RefType><RefType id="20" name="Manuscript"><Fields><Field id="2" order="10">Author</Field><Field id="3" order="20">Year</Field><Field id="4" order="30">Title</Field><Field id="10" order="40">Institution</Field><Field id="6" order="50">Collection Title</Field><Field id="11" order="60">Place Published</Field><Field id="12" order="70">Library/Archive</Field><Field id="7" order="80">Volume/Storage Container</Field><Field id="9" order="90">Manuscript Number</Field><Field id="8" order="100">Folio Number</Field><Field id="5" order="110">Pages</Field><Field id="35" order="120">Start Page</Field><Field id="14" order="150">Description of Material</Field><Field id="17" order="160">Date</Field><Field id="16" order="170">Type of Work</Field><Field id="32" order="190">Short Title</Field><Field id="29" order="200">Abbreviation</Field><Field id="43" order="220">DOI</Field><Field id="30" order="340">Accession Number</Field><Field id="31" order="350">Call Number</Field><Field id="19" order="360">Label</Field><Field id="15" order="370">Keywords</Field><Field id="18" order="380">Abstract</Field><Field id="23" order="390">Notes</Field><Field id="49" order="400">Research Notes</Field><Field id="20" order="410">URL</Field><Field id="44" order="420">File Attachments</Field><Field id="39" order="430">Author Address</Field><Field id="40" order="440">Figure</Field><Field id="41" order="450">Caption</Field><Field id="51" order="460">Access Date</Field><Field id="45" order="470">Translated Author</Field><Field id="46" order="480">Translated Title</Field><Field id="47" order="490">Name of Database</Field><Field id="48" order="500">Database Provider</Field><Field id="50" order="510">Language</Field></Fields></RefType><RefType id="21" name="Film or Broadcast"><Fields><Field id="2" order="10">Director</Field><Field id="3" order="20">Year Released</Field><Field id="4" order="30">Title</Field><Field id="10" order="40">Series Director</Field><Field id="6" order="50">Series Title</Field><Field id="11" order="60">Place Published</Field><Field id="12" order="70">Distributor</Field><Field id="5" order="110">Running Time</Field><Field id="22" order="130">Producer</Field><Field id="14" order="150">Edition</Field><Field id="17" order="160">Date Released</Field><Field id="16" order="170">Medium</Field><Field id="13" order="180">Performers</Field><Field id="32" order="190">Short Title</Field><Field id="29" order="200">Alternate Title</Field><Field id="43" order="220">DOI</Field><Field id="37" order="240">Reprint Edition</Field><Field id="25" order="260">Cast</Field><Field id="26" order="270">Credits</Field><Field id="28" order="290">Genre</Field><Field id="33" order="300">Format</Field><Field id="30" order="340">Accession Number</Field><Field id="31" order="350">Call Number</Field><Field id="19" order="360">Label</Field><Field id="15" order="370">Keywords</Field><Field id="18" order="380">Synopsis</Field><Field id="23" order="390">Notes</Field><Field id="49" order="400">Research Notes</Field><Field id="20" order="410">URL</Field><Field id="44" order="420">File Attachments</Field><Field id="39" order="430">Author Address</Field><Field id="40" order="440">Figure</Field><Field id="41" order="450">Caption</Field><Field id="51" order="460">Access Date</Field><Field id="45" order="470">Translated Author</Field><Field id="46" order="480">Translated Title</Field><Field id="47" order="490">Name of Database</Field><Field id="48" order="500">Database Provider</Field><Field id="50" order="510">Language</Field></Fields></RefType><RefType id="22" name="Statute"><Fields><Field id="3" order="20">Year</Field><Field id="4" order="30">Name of Act</Field><Field id="6" order="50">Code</Field><Field id="11" order="60">Country</Field><Field id="12" order="70">Source</Field><Field id="7" order="80">Code Number</Field><Field id="9" order="90">Statute Number</Field><Field id="8" order="100">Public Law Number</Field><Field id="5" order="110">Pages</Field><Field id="35" order="120">Sections</Field><Field id="21" order="140">International Source</Field><Field id="14" order="150">Session</Field><Field id="17" order="160">Date Enacted</Field><Field id="32" order="190">Short Title</Field><Field id="29" order="200">Abbreviation</Field><Field id="43" order="220">DOI</Field><Field id="36" order="230">History</Field><Field id="38" order="250">Article Number</Field><Field id="33" order="300">Publisher</Field><Field id="34" order="310">Volume</Field><Field id="30" order="340">Accession Number</Field><Field id="31" order="350">Call Number</Field><Field id="19" order="360">Label</Field><Field id="15" order="370">Keywords</Field><Field id="18" order="380">Abstract</Field><Field id="23" order="390">Notes</Field><Field id="49" order="400">Research Notes</Field><Field id="20" order="410">URL</Field><Field id="44" order="420">File Attachments</Field><Field id="39" order="430">Author Address</Field><Field id="40" order="440">Figure</Field><Field id="41" order="450">Caption</Field><Field id="51" order="460">Access Date</Field><Field id="45" order="470">Translated Author</Field><Field id="46" order="480">Translated Title</Field><Field id="47" order="490">Name of Database</Field><Field id="48" order="500">Database Provider</Field><Field id="50" order="510">Language</Field></Fields></RefType><RefType id="23" name="Unused 2"><Fields></Fields></RefType><RefType id="24" name="Unused 3"><Fields></Fields></RefType><RefType id="25" name="Figure"><Fields><Field id="2" order="10">Created By</Field><Field id="3" order="20">Year</Field><Field id="4" order="30">Title</Field><Field id="10" order="40">Name of File</Field><Field id="6" order="50">Image Source Program</Field><Field id="11" order="60">Place Published</Field><Field id="12" order="70">Publisher</Field><Field id="7" order="80">Image Size</Field><Field id="8" order="100">Number</Field><Field id="5" order="110">Description</Field><Field id="14" order="150">Version</Field><Field id="17" order="160">Date</Field><Field id="16" order="170">Type of Image</Field><Field id="43" order="220">DOI</Field><Field id="30" order="340">Accession Number</Field><Field id="31" order="350">Call Number</Field><Field id="19" order="360">Label</Field><Field id="15" order="370">Keywords</Field><Field id="18" order="380">Abstract</Field><Field id="23" order="390">Notes</Field><Field id="49" order="400">Research Notes</Field><Field id="20" order="410">URL</Field><Field id="44" order="420">File Attachments</Field><Field id="39" order="430">Author Address</Field><Field id="40" order="440">Figure</Field><Field id="41" order="450">Caption</Field><Field id="51" order="460">Access Date</Field><Field id="45" order="470">Translated Author</Field><Field id="46" order="480">Translated Title</Field><Field id="47" order="490">Name of Database</Field><Field id="48" order="500">Database Provider</Field><Field id="50" order="510">Language</Field></Fields></RefType><RefType id="26" name="Chart or Table"><Fields><Field id="2" order="10">Created By</Field><Field id="3" order="20">Year</Field><Field id="4" order="30">Title</Field><Field id="10" order="40">Name of File</Field><Field id="6" order="50">Image Source Program</Field><Field id="11" order="60">Place Published</Field><Field id="12" order="70">Publisher</Field><Field id="7" order="80">Image Size</Field><Field id="8" order="100">Number</Field><Field id="5" order="110">Description</Field><Field id="14" order="150">Version</Field><Field id="17" order="160">Date</Field><Field id="16" order="170">Type of Image</Field><Field id="43" order="220">DOI</Field><Field id="30" order="340">Accession Number</Field><Field id="31" order="350">Call Number</Field><Field id="19" order="360">Label</Field><Field id="15" order="370">Keywords</Field><Field id="18" order="380">Abstract</Field><Field id="23" order="390">Notes</Field><Field id="49" order="400">Research Notes</Field><Field id="20" order="410">URL</Field><Field id="44" order="420">File Attachments</Field><Field id="39" order="430">Author Address</Field><Field id="40" order="440">Figure</Field><Field id="41" order="450">Caption</Field><Field id="51" order="460">Access Date</Field><Field id="45" order="470">Translated Author</Field><Field id="46" order="480">Translated Title</Field><Field id="47" order="490">Name of Database</Field><Field id="48" order="500">Database Provider</Field><Field id="50" order="510">Language</Field></Fields></RefType><RefType id="27" name="Equation"><Fields><Field id="2" order="10">Created By</Field><Field id="3" order="20">Year</Field><Field id="4" order="30">Title</Field><Field id="10" order="40">Name of File</Field><Field id="6" order="50">Image Source Program</Field><Field id="11" order="60">Place Published</Field><Field id="12" order="70">Publisher</Field><Field id="7" order="80">Image Size</Field><Field id="8" order="100">Number</Field><Field id="5" order="110">Description</Field><Field id="14" order="150">Version</Field><Field id="17" order="160">Date</Field><Field id="16" order="170">Type of Image</Field><Field id="43" order="220">DOI</Field><Field id="30" order="340">Accession Number</Field><Field id="31" order="350">Call Number</Field><Field id="19" order="360">Label</Field><Field id="15" order="370">Keywords</Field><Field id="18" order="380">Abstract</Field><Field id="23" order="390">Notes</Field><Field id="49" order="400">Research Notes</Field><Field id="20" order="410">URL</Field><Field id="44" order="420">File Attachments</Field><Field id="39" order="430">Author Address</Field><Field id="40" order="440">Figure</Field><Field id="41" order="450">Caption</Field><Field id="51" order="460">Access Date</Field><Field id="45" order="470">Translated Author</Field><Field id="46" order="480">Translated Title</Field><Field id="47" order="490">Name of Database</Field><Field id="48" order="500">Database Provider</Field><Field id="50" order="510">Language</Field></Fields></RefType><RefType id="28" name="Electronic Article"><Fields><Field id="2" order="10">Author</Field><Field id="3" order="20">Year</Field><Field id="4" order="30">Title</Field><Field id="6" order="50">Periodical Title</Field><Field id="11" order="60">Place Published</Field><Field id="12" order="70">Publisher</Field><Field id="7" order="80">Volume</Field><Field id="9" order="90">Document Number</Field><Field id="8" order="100">Issue</Field><Field id="5" order="110">Pages</Field><Field id="35" order="120">E-Pub Date</Field><Field id="21" order="140">Website Title</Field><Field id="14" order="150">Edition</Field><Field id="17" order="160">Date Accessed</Field><Field id="16" order="170">Type of Work</Field><Field id="32" order="190">Short Title</Field><Field id="29" order="200">Alternate Title</Field><Field id="24" order="210">ISSN</Field><Field id="43" order="220">DOI</Field><Field id="37" order="240">Reprint Edition</Field><Field id="38" order="250">Reviewed Item</Field><Field id="25" order="260">Year Cited</Field><Field id="26" order="270">Date Cited</Field><Field id="27" order="280">PMCID</Field><Field id="28" order="290">Reviewer</Field><Field id="33" order="300">Issue Title</Field><Field id="34" order="310">NIHMSID</Field><Field id="42" order="320">Article Number</Field><Field id="30" order="340">Accession Number</Field><Field id="19" order="360">Label</Field><Field id="15" order="370">Keywords</Field><Field id="18" order="380">Abstract</Field><Field id="23" order="390">Notes</Field><Field id="49" order="400">Research Notes</Field><Field id="20" order="410">URL</Field><Field id="44" order="420">File Attachments</Field><Field id="39" order="430">Author Address</Field><Field id="40" order="440">Figure</Field><Field id="41" order="450">Caption</Field><Field id="45" order="470">Translated Author</Field><Field id="46" order="480">Translated Title</Field><Field id="47" order="490">Name of Database</Field><Field id="48" order="500">Database Provider</Field><Field id="50" order="510">Language</Field></Fields></RefType><RefType id="29" name="Electronic Book"><Fields><Field id="2" order="10">Author</Field><Field id="3" order="20">Year</Field><Field id="4" order="30">Title</Field><Field id="10" order="40">Editor</Field><Field id="6" order="50">Secondary Title</Field><Field id="11" order="60">Place Published</Field><Field id="12" order="70">Publisher</Field><Field id="7" order="80">Volume</Field><Field id="9" order="90">Version</Field><Field id="5" order="110">Number of Pages</Field><Field id="22" order="130">Series Editor</Field><Field id="21" order="140">Series Title</Field><Field id="14" order="150">Edition</Field><Field id="17" order="160">Date Accessed</Field><Field id="16" order="170">Type of Medium</Field><Field id="24" order="210">ISBN</Field><Field id="43" order="220">DOI</Field><Field id="36" order="230">Original Publication</Field><Field id="37" order="240">Reprint Edition</Field><Field id="38" order="250">Reviewed Item</Field><Field id="25" order="260">Year Cited</Field><Field id="26" order="270">Date Cited</Field><Field id="27" order="280">Title Prefix</Field><Field id="28" order="290">Reviewer</Field><Field id="33" order="300">Last Update Date</Field><Field id="34" order="310">NIHMSID</Field><Field id="42" order="320">PMCID</Field><Field id="30" order="340">Accession Number</Field><Field id="31" order="350">Call Number</Field><Field id="19" order="360">Label</Field><Field id="15" order="370">Keywords</Field><Field id="18" order="380">Abstract</Field><Field id="23" order="390">Notes</Field><Field id="49" order="400">Research Notes</Field><Field id="20" order="410">URL</Field><Field id="44" order="420">File Attachments</Field><Field id="39" order="430">Author Address</Field><Field id="40" order="440">Figure</Field><Field id="41" order="450">Caption</Field><Field id="45" order="470">Translated Author</Field><Field id="46" order="480">Translated Title</Field><Field id="47" order="490">Name of Database</Field><Field id="48" order="500">Database Provider</Field><Field id="50" order="510">Language</Field></Fields></RefType><RefType id="30" name="Online Database"><Fields><Field id="2" order="10">Author</Field><Field id="3" order="20">Year</Field><Field id="4" order="30">Title</Field><Field id="6" order="50">Periodical</Field><Field id="11" order="60">Place Published</Field><Field id="12" order="70">Publisher</Field><Field id="7" order="80">Volume</Field><Field id="5" order="110">Pages</Field><Field id="14" order="150">Date Published</Field><Field id="17" order="160">Date Accessed</Field><Field id="16" order="170">Type of Work</Field><Field id="24" order="210">Report Number</Field><Field id="43" order="220">DOI</Field><Field id="30" order="340">Accession Number</Field><Field id="19" order="360">Label</Field><Field id="15" order="370">Keywords</Field><Field id="18" order="380">Abstract</Field><Field id="23" order="390">Notes</Field><Field id="49" order="400">Research Notes</Field><Field id="20" order="410">URL</Field><Field id="44" order="420">File Attachments</Field><Field id="39" order="430">Author Address</Field><Field id="40" order="440">Figure</Field><Field id="41" order="450">Caption</Field><Field id="45" order="470">Translated Author</Field><Field id="46" order="480">Translated Title</Field><Field id="47" order="490">Name of Database</Field><Field id="48" order="500">Database Provider</Field><Field id="50" order="510">Language</Field></Fields></RefType><RefType id="31" name="Generic"><Fields><Field id="2" order="10">Author</Field><Field id="3" order="20">Year</Field><Field id="4" order="30">Title</Field><Field id="10" order="40">Secondary Author</Field><Field id="6" order="50">Secondary Title</Field><Field id="11" order="60">Place Published</Field><Field id="12" order="70">Publisher</Field><Field id="7" order="80">Volume</Field><Field id="9" order="90">Number of Volumes</Field><Field id="8" order="100">Number</Field><Field id="5" order="110">Pages</Field><Field id="35" order="120">Section</Field><Field id="22" order="130">Tertiary Author</Field><Field id="21" order="140">Tertiary Title</Field><Field id="14" order="150">Edition</Field><Field id="17" order="160">Date</Field><Field id="16" order="170">Type of Work</Field><Field id="13" order="180">Subsidiary Author</Field><Field id="32" order="190">Short Title</Field><Field id="29" order="200">Alternate Title</Field><Field id="24" order="210">ISBN/ISSN</Field><Field id="43" order="220">DOI</Field><Field id="36" order="230">Original Publication</Field><Field id="37" order="240">Reprint Edition</Field><Field id="38" order="250">Reviewed Item</Field><Field id="25" order="260">Custom 1</Field><Field id="26" order="270">Custom 2</Field><Field id="27" order="280">Custom 3</Field><Field id="28" order="290">Custom 4</Field><Field id="33" order="300">Custom 5</Field><Field id="34" order="310">Custom 6</Field><Field id="42" order="320">Custom 7</Field><Field id="52" order="330">Custom 8</Field><Field id="30" order="340">Accession Number</Field><Field id="31" order="350">Call Number</Field><Field id="19" order="360">Label</Field><Field id="15" order="370">Keywords</Field><Field id="18" order="380">Abstract</Field><Field id="23" order="390">Notes</Field><Field id="49" order="400">Research Notes</Field><Field id="20" order="410">URL</Field><Field id="44" order="420">File Attachments</Field><Field id="39" order="430">Author Address</Field><Field id="40" order="440">Figure</Field><Field id="41" order="450">Caption</Field><Field id="51" order="460">Access Date</Field><Field id="45" order="470">Translated Author</Field><Field id="46" order="480">Translated Title</Field><Field id="47" order="490">Name of Database</Field><Field id="48" order="500">Database Provider</Field><Field id="50" order="510">Language</Field></Fields></RefType><RefType id="32" name="Government Document"><Fields><Field id="2" order="10">Author</Field><Field id="3" order="20">Year</Field><Field id="4" order="30">Title</Field><Field id="10" order="40">Department</Field><Field id="11" order="60">Place Published</Field><Field id="12" order="70">Publisher</Field><Field id="7" order="80">Volume</Field><Field id="8" order="100">Issue</Field><Field id="5" order="110">Pages</Field><Field id="35" order="120">Section</Field><Field id="21" order="140">Series Title</Field><Field id="14" order="150">Edition</Field><Field id="24" order="210">Report Number</Field><Field id="43" order="220">DOI</Field><Field id="25" order="260">Government Body</Field><Field id="26" order="270">Congress Number</Field><Field id="27" order="280">Congress Session</Field><Field id="30" order="340">Accession Number</Field><Field id="19" order="360">Label</Field><Field id="15" order="370">Keywords</Field><Field id="18" order="380">Abstract</Field><Field id="23" order="390">Notes</Field><Field id="49" order="400">Research Notes</Field><Field id="20" order="410">URL</Field><Field id="44" order="420">File Attachments</Field><Field id="39" order="430">Author Address</Field><Field id="40" order="440">Figure</Field><Field id="41" order="450">Caption</Field><Field id="51" order="460">Access Date</Field><Field id="45" order="470">Translated Author</Field><Field id="46" order="480">Translated Title</Field><Field id="47" order="490">Name of Database</Field><Field id="48" order="500">Database Provider</Field><Field id="50" order="510">Language</Field></Fields></RefType><RefType id="33" name="Conference Paper"><Fields><Field id="2" order="10">Author</Field><Field id="3" order="20">Year</Field><Field id="4" order="30">Title</Field><Field id="10" order="40">Editor</Field><Field id="6" order="50">Conference Name</Field><Field id="11" order="60">Conference Location</Field><Field id="12" order="70">Publisher</Field><Field id="7" order="80">Volume</Field><Field id="9" order="90">Session</Field><Field id="8" order="100">Issue</Field><Field id="5" order="110">Pages</Field><Field id="17" order="160">Date</Field><Field id="16" order="170">Type</Field><Field id="43" order="220">DOI</Field><Field id="25" order="260">Place Published</Field><Field id="30" order="340">Accession Number</Field><Field id="31" order="350">Call Number</Field><Field id="19" order="360">Label</Field><Field id="15" order="370">Keywords</Field><Field id="18" order="380">Abstract</Field><Field id="23" order="390">Notes</Field><Field id="49" order="400">Research Notes</Field><Field id="20" order="410">URL</Field><Field id="44" order="420">File Attachments</Field><Field id="39" order="430">Author Address</Field><Field id="40" order="440">Figure</Field><Field id="41" order="450">Caption</Field><Field id="51" order="460">Access Date</Field><Field id="45" order="470">Translated Author</Field><Field id="46" order="480">Translated Title</Field><Field id="47" order="490">Name of Database</Field><Field id="48" order="500">Database Provider</Field><Field id="50" order="510">Language</Field></Fields></RefType><RefType id="34" name="Online Multimedia"><Fields><Field id="2" order="10">Created By</Field><Field id="3" order="20">Year</Field><Field id="4" order="30">Title</Field><Field id="10" order="40">Series Editor</Field><Field id="6" order="50">Series Title</Field><Field id="12" order="70">Distributor</Field><Field id="8" order="100">Number of Screens</Field><Field id="17" order="160">Date Accessed</Field><Field id="16" order="170">Type of Work</Field><Field id="43" order="220">DOI</Field><Field id="25" order="260">Year Cited</Field><Field id="26" order="270">Date Cited</Field><Field id="33" order="300">Format/Length</Field><Field id="30" order="340">Accession Number</Field><Field id="19" order="360">Label</Field><Field id="15" order="370">Keywords</Field><Field id="18" order="380">Abstract</Field><Field id="23" order="390">Notes</Field><Field id="49" order="400">Research Notes</Field><Field id="20" order="410">URL</Field><Field id="44" order="420">File Attachments</Field><Field id="39" order="430">Author Address</Field><Field id="40" order="440">Figure</Field><Field id="41" order="450">Caption</Field><Field id="45" order="470">Translated Author</Field><Field id="46" order="480">Translated Title</Field><Field id="47" order="490">Name of Database</Field><Field id="48" order="500">Database Provider</Field><Field id="50" order="510">Language</Field></Fields></RefType><RefType id="35" name="Classical Work"><Fields><Field id="2" order="10">Attribution</Field><Field id="3" order="20">Year</Field><Field id="4" order="30">Title</Field><Field id="10" order="40">Series Editor</Field><Field id="6" order="50">Series Title</Field><Field id="11" order="60">Place Published</Field><Field id="12" order="70">Publisher</Field><Field id="7" order="80">Volume</Field><Field id="9" order="90">Number of Volumes</Field><Field id="8" order="100">Series Volume</Field><Field id="5" order="110">Number of Pages</Field><Field id="14" order="150">Edition</Field><Field id="16" order="170">Type</Field><Field id="13" order="180">Translator</Field><Field id="32" order="190">Short Title</Field><Field id="29" order="200">Alternate Title</Field><Field id="24" order="210">ISSN/ISBN</Field><Field id="43" order="220">DOI</Field><Field id="36" order="230">Original Publication</Field><Field id="37" order="240">Reprint Edition</Field><Field id="30" order="340">Accession Number</Field><Field id="31" order="350">Call Number</Field><Field id="19" order="360">Label</Field><Field id="15" order="370">Keywords</Field><Field id="18" order="380">Abstract</Field><Field id="23" order="390">Notes</Field><Field id="49" order="400">Research Notes</Field><Field id="20" order="410">URL</Field><Field id="44" order="420">File Attachments</Field><Field id="39" order="430">Author Address</Field><Field id="40" order="440">Figure</Field><Field id="41" order="450">Caption</Field><Field id="51" order="460">Access Date</Field><Field id="45" order="470">Translated Author</Field><Field id="46" order="480">Translated Title</Field><Field id="47" order="490">Name of Database</Field><Field id="48" order="500">Database Provider</Field><Field id="50" order="510">Language</Field></Fields></RefType><RefType id="36" name="Legal Rule or Regulation"><Fields><Field id="2" order="10">Author</Field><Field id="3" order="20">Year</Field><Field id="4" order="30">Title</Field><Field id="10" order="40">Issuing Organization</Field><Field id="6" order="50">Title Number</Field><Field id="11" order="60">Place Published</Field><Field id="12" order="70">Publisher</Field><Field id="7" order="80">Rule Number</Field><Field id="9" order="90">Session Number</Field><Field id="8" order="100">Start Page</Field><Field id="5" order="110">Pages</Field><Field id="35" order="120">Section Number</Field><Field id="21" order="140">Supplement No.</Field><Field id="14" order="150">Edition</Field><Field id="17" order="160">Date of Code Edition</Field><Field id="16" order="170">Type of Work</Field><Field id="29" order="200">Abbreviation</Field><Field id="24" order="210">Document Number</Field><Field id="43" order="220">DOI</Field><Field id="36" order="230">History</Field><Field id="30" order="340">Accession Number</Field><Field id="31" order="350">Call Number</Field><Field id="19" order="360">Label</Field><Field id="15" order="370">Keywords</Field><Field id="18" order="380">Abstract</Field><Field id="23" order="390">Notes</Field><Field id="49" order="400">Research Notes</Field><Field id="20" order="410">URL</Field><Field id="44" order="420">File Attachments</Field><Field id="39" order="430">Author Address</Field><Field id="40" order="440">Figure</Field><Field id="41" order="450">Caption</Field><Field id="51" order="460">Access Date</Field><Field id="45" order="470">Translated Author</Field><Field id="46" order="480">Translated Title</Field><Field id="47" order="490">Name of Database</Field><Field id="48" order="500">Database Provider</Field><Field id="50" order="510">Language</Field></Fields></RefType><RefType id="37" name="Unpublished Work"><Fields><Field id="2" order="10">Author</Field><Field id="3" order="20">Year</Field><Field id="4" order="30">Title of Work</Field><Field id="10" order="40">Series Editor</Field><Field id="6" order="50">Series Title</Field><Field id="11" order="60">Place Published</Field><Field id="12" order="70">Institution</Field><Field id="8" order="100">Number</Field><Field id="5" order="110">Pages</Field><Field id="21" order="140">Department</Field><Field id="17" order="160">Date</Field><Field id="16" order="170">Type of Work</Field><Field id="32" order="190">Short Title</Field><Field id="29" order="200">Abbreviation</Field><Field id="43" order="220">DOI</Field><Field id="19" order="360">Label</Field><Field id="15" order="370">Keywords</Field><Field id="18" order="380">Abstract</Field><Field id="23" order="390">Notes</Field><Field id="49" order="400">Research Notes</Field><Field id="20" order="410">URL</Field><Field id="44" order="420">File Attachments</Field><Field id="39" order="430">Author Address</Field><Field id="40" order="440">Figure</Field><Field id="41" order="450">Caption</Field><Field id="51" order="460">Access Date</Field><Field id="45" order="470">Translated Author</Field><Field id="46" order="480">Translated Title</Field><Field id="47" order="490">Name of Database</Field><Field id="48" order="500">Database Provider</Field><Field id="50" order="510">Language</Field></Fields></RefType><RefTypeX id="38" name="Ancient Text"><Fields><Field id="2" order="10">Author</Field><Field id="3" order="20">Year</Field><Field id="4" order="30">Title</Field><Field id="10" order="40">Editor</Field><Field id="6" order="50">Publication Title</Field><Field id="11" order="60">Place Published</Field><Field id="12" order="70">Publisher</Field><Field id="7" order="80">Volume</Field><Field id="9" order="90">Number of Volumes</Field><Field id="8" order="100">Text Number</Field><Field id="5" order="110">Pages</Field><Field id="21" order="140">Volume Title</Field><Field id="14" order="150">Edition</Field><Field id="17" order="160">Date</Field><Field id="16" order="170">Type of Work</Field><Field id="13" order="180">Translator</Field><Field id="32" order="190">Short Title</Field><Field id="29" order="200">Abbreviated Publication</Field><Field id="24" order="210">ISBN</Field><Field id="43" order="220">DOI</Field><Field id="36" order="230">Original Publication</Field><Field id="37" order="240">Reprint Edition</Field><Field id="38" order="250">Reviewed Item</Field><Field id="30" order="340">Accession Number</Field><Field id="31" order="350">Call Number</Field><Field id="19" order="360">Label</Field><Field id="15" order="370">Keywords</Field><Field id="18" order="380">Abstract</Field><Field id="23" order="390">Notes</Field><Field id="49" order="400">Research Notes</Field><Field id="20" order="410">URL</Field><Field id="44" order="420">File Attachments</Field><Field id="39" order="430">Author Address</Field><Field id="40" order="440">Figure</Field><Field id="41" order="450">Caption</Field><Field id="51" order="460">Access Date</Field><Field id="45" order="470">Translated Author</Field><Field id="46" order="480">Translated Title</Field><Field id="47" order="490">Name of Database</Field><Field id="48" order="500">Database Provider</Field><Field id="50" order="510">Language</Field></Fields></RefTypeX><RefTypeX id="39" name="Dictionary"><Fields><Field id="2" order="10">Author</Field><Field id="3" order="20">Year</Field><Field id="4" order="30">Title</Field><Field id="10" order="40">Editor</Field><Field id="6" order="50">Dictionary Title</Field><Field id="11" order="60">Place Published</Field><Field id="12" order="70">Publisher</Field><Field id="7" order="80">Volume</Field><Field id="9" order="90">Number of Volumes</Field><Field id="8" order="100">Number</Field><Field id="5" order="110">Pages</Field><Field id="35" order="120">Version</Field><Field id="14" order="150">Edition</Field><Field id="16" order="170">Type of Work</Field><Field id="13" order="180">Translator</Field><Field id="32" order="190">Short Title</Field><Field id="29" order="200">Abbreviation</Field><Field id="24" order="210">ISBN</Field><Field id="43" order="220">DOI</Field><Field id="36" order="230">Original Publication</Field><Field id="37" order="240">Reprint Edition</Field><Field id="38" order="250">Reviewed Item</Field><Field id="25" order="260">Term</Field><Field id="30" order="340">Accession Number</Field><Field id="31" order="350">Call Number</Field><Field id="19" order="360">Label</Field><Field id="15" order="370">Keywords</Field><Field id="18" order="380">Abstract</Field><Field id="23" order="390">Notes</Field><Field id="49" order="400">Research Notes</Field><Field id="20" order="410">URL</Field><Field id="44" order="420">File Attachments</Field><Field id="39" order="430">Author Address</Field><Field id="40" order="440">Figure</Field><Field id="41" order="450">Caption</Field><Field id="51" order="460">Access Date</Field><Field id="45" order="470">Translated Author</Field><Field id="46" order="480">Translated Title</Field><Field id="47" order="490">Name of Database</Field><Field id="48" order="500">Database Provider</Field><Field id="50" order="510">Language</Field></Fields></RefTypeX><RefTypeX id="40" name="Encyclopedia"><Fields><Field id="2" order="10">Author</Field><Field id="3" order="20">Year</Field><Field id="4" order="30">Title</Field><Field id="10" order="40">Editor</Field><Field id="6" order="50">Encyclopedia Title</Field><Field id="11" order="60">Place Published</Field><Field id="12" order="70">Publisher</Field><Field id="7" order="80">Volume</Field><Field id="9" order="90">Number of Volumes</Field><Field id="5" order="110">Pages</Field><Field id="14" order="150">Edition</Field><Field id="17" order="160">Date</Field><Field id="13" order="180">Translator</Field><Field id="32" order="190">Short Title</Field><Field id="29" order="200">Abbreviation</Field><Field id="24" order="210">ISBN</Field><Field id="43" order="220">DOI</Field><Field id="36" order="230">Original Publication</Field><Field id="37" order="240">Reprint Edition</Field><Field id="38" order="250">Reviewed Item</Field><Field id="25" order="260">Term</Field><Field id="30" order="340">Accession Number</Field><Field id="31" order="350">Call Number</Field><Field id="19" order="360">Label</Field><Field id="15" order="370">Keywords</Field><Field id="18" order="380">Abstract</Field><Field id="23" order="390">Notes</Field><Field id="49" order="400">Research Notes</Field><Field id="20" order="410">URL</Field><Field id="44" order="420">File Attachments</Field><Field id="39" order="430">Author Address</Field><Field id="40" order="440">Figure</Field><Field id="41" order="450">Caption</Field><Field id="51" order="460">Access Date</Field><Field id="45" order="470">Translated Author</Field><Field id="46" order="480">Translated Title</Field><Field id="47" order="490">Name of Database</Field><Field id="48" order="500">Database Provider</Field><Field id="50" order="510">Language</Field></Fields></RefTypeX><RefTypeX id="41" name="Grant"><Fields><Field id="2" order="10">Investigators</Field><Field id="3" order="20">Year</Field><Field id="4" order="30">Title of Grant</Field><Field id="11" order="60">Activity Location</Field><Field id="12" order="70">Sponsoring Agency</Field><Field id="7" order="80">Amount Requested</Field><Field id="9" order="90">Amount Received</Field><Field id="8" order="100">Status</Field><Field id="5" order="110">Pages</Field><Field id="35" order="120">Duration of Grant</Field><Field id="14" order="150">Requirements</Field><Field id="17" order="160">Deadline</Field><Field id="16" order="170">Funding Type</Field><Field id="13" order="180">Translator</Field><Field id="32" order="190">Short Title</Field><Field id="29" order="200">Abbreviation</Field><Field id="43" order="220">DOI</Field><Field id="36" order="230">Original Grant Number</Field><Field id="37" order="240">Review Date</Field><Field id="38" order="250">Reviewed Item</Field><Field id="25" order="260">Contact Name</Field><Field id="26" order="270">Contact Address</Field><Field id="27" order="280">Contact Phone</Field><Field id="28" order="290">Contact Fax</Field><Field id="33" order="300">Funding Number</Field><Field id="34" order="310">CFDA Number</Field><Field id="30" order="340">Accession Number</Field><Field id="31" order="350">Call Number</Field><Field id="19" order="360">Label</Field><Field id="15" order="370">Keywords</Field><Field id="18" order="380">Abstract</Field><Field id="23" order="390">Notes</Field><Field id="49" order="400">Research Notes</Field><Field id="20" order="410">URL</Field><Field id="44" order="420">File Attachments</Field><Field id="39" order="430">Author Address</Field><Field id="40" order="440">Figure</Field><Field id="41" order="450">Caption</Field><Field id="51" order="460">Access Date</Field><Field id="45" order="470">Translated Author</Field><Field id="46" order="480">Translated Title</Field><Field id="47" order="490">Name of Database</Field><Field id="48" order="500">Database Provider</Field><Field id="50" order="510">Language</Field></Fields></RefTypeX><RefType id="42" name="Aggregated Database"><Fields><Field id="2" order="10">Author</Field><Field id="3" order="20">Year</Field><Field id="4" order="30">Title</Field><Field id="6" order="50">Periodical</Field><Field id="11" order="60">Place Published</Field><Field id="12" order="70">Publisher</Field><Field id="7" order="80">Volume</Field><Field id="8" order="100">Publication Number</Field><Field id="5" order="110">Pages</Field><Field id="35" order="120">Screens</Field><Field id="14" order="150">Date Published</Field><Field id="17" order="160">Date Accessed</Field><Field id="16" order="170">Type of Work</Field><Field id="32" order="190">Short Title</Field><Field id="29" order="200">Alternate Title</Field><Field id="24" order="210">ISSN/ISBN</Field><Field id="43" order="220">DOI</Field><Field id="36" order="230">Original Publication</Field><Field id="30" order="340">Accession Number</Field><Field id="19" order="360">Label</Field><Field id="15" order="370">Keywords</Field><Field id="18" order="380">Abstract</Field><Field id="23" order="390">Notes</Field><Field id="49" order="400">Research Notes</Field><Field id="20" order="410">URL</Field><Field id="44" order="420">File Attachments</Field><Field id="39" order="430">Author Address</Field><Field id="40" order="440">Figure</Field><Field id="41" order="450">Caption</Field><Field id="45" order="470">Translated Author</Field><Field id="46" order="480">Translated Title</Field><Field id="47" order="490">Name of Database</Field><Field id="48" order="500">Database Provider</Field><Field id="50" order="510">Language</Field></Fields></RefType><RefType id="43" name="Blog"><Fields><Field id="2" order="10">Author</Field><Field id="3" order="20">Year</Field><Field id="4" order="30">Title of Entry</Field><Field id="10" order="40">Editor</Field><Field id="6" order="50">Title of WebLog</Field><Field id="11" order="60">Place Published</Field><Field id="12" order="70">Publisher</Field><Field id="7" order="80">Access Year</Field><Field id="8" order="100">Date</Field><Field id="5" order="110">Description</Field><Field id="35" order="120">Message Number</Field><Field id="22" order="130">Illustrator</Field><Field id="21" order="140">Institution</Field><Field id="14" order="150">Edition</Field><Field id="17" order="160">Last Update Date</Field><Field id="16" order="170">Type of Medium</Field><Field id="32" order="190">Short Title</Field><Field id="29" order="200">Alternate Title</Field><Field id="24" order="210">ISBN</Field><Field id="43" order="220">DOI</Field><Field id="36" order="230">Contents</Field><Field id="25" order="260">Author Affiliation</Field><Field id="30" order="340">Accession Number</Field><Field id="31" order="350">Call Number</Field><Field id="19" order="360">Label</Field><Field id="15" order="370">Keywords</Field><Field id="18" order="380">Abstract</Field><Field id="23" order="390">Notes</Field><Field id="49" order="400">Research Notes</Field><Field id="20" order="410">URL</Field><Field id="44" order="420">File Attachments</Field><Field id="39" order="430">Author Address</Field><Field id="40" order="440">Figure</Field><Field id="41" order="450">Caption</Field><Field id="51" order="460">Access Date</Field><Field id="45" order="470">Translated Author</Field><Field id="46" order="480">Translated Title</Field><Field id="47" order="490">Name of Database</Field><Field id="48" order="500">Database Provider</Field><Field id="50" order="510">Language</Field></Fields></RefType><RefType id="44" name="Catalog"><Fields><Field id="2" order="10">Author</Field><Field id="3" order="20">Year</Field><Field id="4" order="30">Title</Field><Field id="10" order="40">Institution</Field><Field id="6" order="50">Series Title</Field><Field id="11" order="60">Place Published</Field><Field id="12" order="70">Publisher</Field><Field id="7" order="80">Volume</Field><Field id="9" order="90">Catalog Number</Field><Field id="8" order="100">Series Volume</Field><Field id="5" order="110">Pages</Field><Field id="35" order="120">Number of Pages</Field><Field id="14" order="150">Edition</Field><Field id="17" order="160">Date</Field><Field id="16" order="170">Type of Work</Field><Field id="13" order="180">Translator</Field><Field id="32" order="190">Short Title</Field><Field id="29" order="200">Abbreviation</Field><Field id="24" order="210">ISBN</Field><Field id="43" order="220">DOI</Field><Field id="36" order="230">Original Publication</Field><Field id="37" order="240">Reprint Edition</Field><Field id="33" order="300">Packaging Method</Field><Field id="30" order="340">Accession Number</Field><Field id="31" order="350">Call Number</Field><Field id="19" order="360">Label</Field><Field id="15" order="370">Keywords</Field><Field id="18" order="380">Abstract</Field><Field id="23" order="390">Notes</Field><Field id="49" order="400">Research Notes</Field><Field id="20" order="410">URL</Field><Field id="44" order="420">File Attachments</Field><Field id="39" order="430">Author Address</Field><Field id="40" order="440">Figure</Field><Field id="41" order="450">Caption</Field><Field id="51" order="460">Access Date</Field><Field id="45" order="470">Translated Author</Field><Field id="46" order="480">Translated Title</Field><Field id="47" order="490">Name of Database</Field><Field id="48" order="500">Database Provider</Field><Field id="50" order="510">Language</Field></Fields></RefType><RefType id="45" name="Pamphlet"><Fields><Field id="2" order="10">Author</Field><Field id="3" order="20">Year</Field><Field id="4" order="30">Title</Field><Field id="10" order="40">Institution</Field><Field id="6" order="50">Published Source</Field><Field id="11" order="60">Place Published</Field><Field id="12" order="70">Publisher</Field><Field id="7" order="80">Number</Field><Field id="8" order="100">Series Volume</Field><Field id="5" order="110">Pages</Field><Field id="35" order="120">Number of Pages</Field><Field id="14" order="150">Edition</Field><Field id="17" order="160">Date</Field><Field id="16" order="170">Type of Work</Field><Field id="13" order="180">Translator</Field><Field id="32" order="190">Short Title</Field><Field id="29" order="200">Abbreviation</Field><Field id="24" order="210">ISBN</Field><Field id="43" order="220">DOI</Field><Field id="36" order="230">Original Publication</Field><Field id="37" order="240">Reprint Edition</Field><Field id="33" order="300">Packaging Method</Field><Field id="30" order="340">Accession Number</Field><Field id="31" order="350">Call Number</Field><Field id="19" order="360">Label</Field><Field id="15" order="370">Keywords</Field><Field id="18" order="380">Abstract</Field><Field id="23" order="390">Notes</Field><Field id="49" order="400">Research Notes</Field><Field id="20" order="410">URL</Field><Field id="44" order="420">File Attachments</Field><Field id="39" order="430">Author Address</Field><Field id="40" order="440">Figure</Field><Field id="41" order="450">Caption</Field><Field id="51" order="460">Access Date</Field><Field id="45" order="470">Translated Author</Field><Field id="46" order="480">Translated Title</Field><Field id="47" order="490">Name of Database</Field><Field id="48" order="500">Database Provider</Field><Field id="50" order="510">Language</Field></Fields></RefType><RefType id="46" name="Serial"><Fields><Field id="2" order="10">Author</Field><Field id="3" order="20">Year</Field><Field id="4" order="30">Title</Field><Field id="10" order="40">Editor</Field><Field id="6" order="50">Secondary Title</Field><Field id="11" order="60">Place Published</Field><Field id="12" order="70">Publisher</Field><Field id="7" order="80">Volume</Field><Field id="9" order="90">Number of Volumes</Field><Field id="8" order="100">Series Volume</Field><Field id="5" order="110">Pages</Field><Field id="35" order="120">Chapter</Field><Field id="22" order="130">Series Editor</Field><Field id="21" order="140">Series Title</Field><Field id="14" order="150">Edition</Field><Field id="17" order="160">Date</Field><Field id="16" order="170">Type of Work</Field><Field id="13" order="180">Volume Editor</Field><Field id="32" order="190">Short Title</Field><Field id="29" order="200">Abbreviation</Field><Field id="24" order="210">ISBN</Field><Field id="43" order="220">DOI</Field><Field id="36" order="230">Original Publication</Field><Field id="37" order="240">Reprint Edition</Field><Field id="38" order="250">Reviewed Item</Field><Field id="25" order="260">Section</Field><Field id="26" order="270">Report Number</Field><Field id="33" order="300">Packaging Method</Field><Field id="30" order="340">Accession Number</Field><Field id="31" order="350">Call Number</Field><Field id="19" order="360">Label</Field><Field id="15" order="370">Keywords</Field><Field id="18" order="380">Abstract</Field><Field id="23" order="390">Notes</Field><Field id="49" order="400">Research Notes</Field><Field id="20" order="410">URL</Field><Field id="44" order="420">File Attachments</Field><Field id="39" order="430">Author Address</Field><Field id="40" order="440">Figure</Field><Field id="41" order="450">Caption</Field><Field id="51" order="460">Access Date</Field><Field id="45" order="470">Translated Author</Field><Field id="46" order="480">Translated Title</Field><Field id="47" order="490">Name of Database</Field><Field id="48" order="500">Database Provider</Field><Field id="50" order="510">Language</Field></Fields></RefType><RefType id="47" name="Standard"><Fields><Field id="2" order="10">Institution</Field><Field id="3" order="20">Year</Field><Field id="4" order="30">Title</Field><Field id="6" order="50">Section Title</Field><Field id="11" order="60">Place Published</Field><Field id="12" order="70">Publisher</Field><Field id="7" order="80">Rule Number</Field><Field id="9" order="90">Session Number</Field><Field id="8" order="100">Start Page</Field><Field id="5" order="110">Pages</Field><Field id="35" order="120">Section Number</Field><Field id="21" order="140">Paper Number</Field><Field id="17" order="160">Date</Field><Field id="16" order="170">Type of Work</Field><Field id="29" order="200">Abbreviation</Field><Field id="24" order="210">Document Number</Field><Field id="43" order="220">DOI</Field><Field id="30" order="340">Accession Number</Field><Field id="31" order="350">Call Number</Field><Field id="19" order="360">Label</Field><Field id="15" order="370">Keywords</Field><Field id="18" order="380">Abstract</Field><Field id="23" order="390">Notes</Field><Field id="49" order="400">Research Notes</Field><Field id="20" order="410">URL</Field><Field id="44" order="420">File Attachments</Field><Field id="39" order="430">Author Address</Field><Field id="40" order="440">Figure</Field><Field id="41" order="450">Caption</Field><Field id="51" order="460">Access Date</Field><Field id="45" order="470">Translated Author</Field><Field id="46" order="480">Translated Title</Field><Field id="47" order="490">Name of Database</Field><Field id="48" order="500">Database Provider</Field><Field id="50" order="510">Language</Field></Fields></RefType><RefType id="48" name="Dataset"><Fields><Field id="2" order="10">Investigators</Field><Field id="3" order="20">Year</Field><Field id="4" order="30">Title</Field><Field id="10" order="40">Producer</Field><Field id="6" order="50">Periodical Title</Field><Field id="11" order="60">Place Published</Field><Field id="12" order="70">Distributor</Field><Field id="9" order="90">Study Number</Field><Field id="35" order="120">Original Release Date</Field><Field id="21" order="140">Series Title</Field><Field id="14" order="150">Version</Field><Field id="17" order="160">Date of Collection</Field><Field id="13" order="180">Funding Agency</Field><Field id="32" order="190">Short Title</Field><Field id="29" order="200">Abbreviation</Field><Field id="24" order="210">ISSN</Field><Field id="43" order="220">DOI</Field><Field id="36" order="230">Version History</Field><Field id="38" order="250">Geographic Coverage</Field><Field id="25" order="260">Time Period</Field><Field id="26" order="270">Unit of Observation</Field><Field id="27" order="280">Data Type</Field><Field id="28" order="290">Dataset(s)</Field><Field id="30" order="340">Accession Number</Field><Field id="31" order="350">Call Number</Field><Field id="19" order="360">Label</Field><Field id="15" order="370">Keywords</Field><Field id="18" order="380">Abstract</Field><Field id="23" order="390">Notes</Field><Field id="49" order="400">Research Notes</Field><Field id="20" order="410">URL</Field><Field id="44" order="420">File Attachments</Field><Field id="39" order="430">Author Address</Field><Field id="40" order="440">Figure</Field><Field id="41" order="450">Caption</Field><Field id="51" order="460">Access Date</Field><Field id="45" order="470">Translated Author</Field><Field id="46" order="480">Translated Title</Field><Field id="47" order="490">Name of Database</Field><Field id="48" order="500">Database Provider</Field><Field id="50" order="510">Language</Field></Fields></RefType><RefType id="49" name="Electronic Book Section"><Fields><Field id="2" order="10">Author</Field><Field id="3" order="20">Year</Field><Field id="4" order="30">Title</Field><Field id="10" order="40">Editor</Field><Field id="6" order="50">Book Title</Field><Field id="11" order="60">Place Published</Field><Field id="12" order="70">Publisher</Field><Field id="7" order="80">Volume</Field><Field id="9" order="90">Number of Volumes</Field><Field id="8" order="100">Chapter</Field><Field id="5" order="110">Pages</Field><Field id="22" order="130">Series Editor</Field><Field id="21" order="140">Series Title</Field><Field id="14" order="150">Edition</Field><Field id="17" order="160">Date</Field><Field id="16" order="170">Type of Work</Field><Field id="13" order="180">Translator</Field><Field id="32" order="190">Short Title</Field><Field id="24" order="210">ISBN</Field><Field id="43" order="220">DOI</Field><Field id="36" order="230">Original Publication</Field><Field id="37" order="240">Reprint Edition</Field><Field id="38" order="250">Reviewed Item</Field><Field id="25" order="260">Section</Field><Field id="27" order="280">Title Prefix</Field><Field id="28" order="290">Reviewer</Field><Field id="33" order="300">Packaging Method</Field><Field id="34" order="310">NIHMSID</Field><Field id="42" order="320">PMCID</Field><Field id="30" order="340">Accession Number</Field><Field id="31" order="350">Call Number</Field><Field id="19" order="360">Label</Field><Field id="15" order="370">Keywords</Field><Field id="18" order="380">Abstract</Field><Field id="23" order="390">Notes</Field><Field id="49" order="400">Research Notes</Field><Field id="20" order="410">URL</Field><Field id="44" order="420">File Attachments</Field><Field id="39" order="430">Author Address</Field><Field id="40" order="440">Figure</Field><Field id="41" order="450">Caption</Field><Field id="51" order="460">Access Date</Field><Field id="45" order="470">Translated Author</Field><Field id="46" order="480">Translated Title</Field><Field id="47" order="490">Name of Database</Field><Field id="48" order="500">Database Provider</Field><Field id="50" order="510">Language</Field></Fields></RefType><RefType id="50" name="Music"><Fields><Field id="2" order="10">Composer</Field><Field id="3" order="20">Year</Field><Field id="4" order="30">Title</Field><Field id="10" order="40">Editor</Field><Field id="6" order="50">Album Title</Field><Field id="11" order="60">Place Published</Field><Field id="12" order="70">Publisher</Field><Field id="7" order="80">Volume</Field><Field id="9" order="90">Number of Volumes</Field><Field id="5" order="110">Pages</Field><Field id="35" order="120">Section</Field><Field id="22" order="130">Series Editor</Field><Field id="21" order="140">Series Title</Field><Field id="14" order="150">Edition</Field><Field id="17" order="160">Date</Field><Field id="16" order="170">Form of Item</Field><Field id="13" order="180">Producer</Field><Field id="32" order="190">Short Title</Field><Field id="24" order="210">ISBN</Field><Field id="43" order="220">DOI</Field><Field id="36" order="230">Original Publication</Field><Field id="37" order="240">Reprint Edition</Field><Field id="25" order="260">Format of Music</Field><Field id="26" order="270">Form of Composition</Field><Field id="27" order="280">Music Parts</Field><Field id="28" order="290">Target Audience</Field><Field id="33" order="300">Accompanying Matter</Field><Field id="30" order="340">Accession Number</Field><Field id="31" order="350">Call Number</Field><Field id="19" order="360">Label</Field><Field id="15" order="370">Keywords</Field><Field id="18" order="380">Abstract</Field><Field id="23" order="390">Notes</Field><Field id="49" order="400">Research Notes</Field><Field id="20" order="410">URL</Field><Field id="44" order="420">File Attachments</Field><Field id="39" order="430">Author Address</Field><Field id="40" order="440">Figure</Field><Field id="41" order="450">Caption</Field><Field id="51" order="460">Access Date</Field><Field id="45" order="470">Translated Author</Field><Field id="46" order="480">Translated Title</Field><Field id="47" order="490">Name of Database</Field><Field id="48" order="500">Database Provider</Field><Field id="50" order="510">Language</Field></Fields></RefType><RefType id="51" name="Podcast"><Fields><Field id="2" order="10">Author</Field><Field id="3" order="20">Year</Field><Field id="4" order="30">Title of Podcast</Field><Field id="10" order="40">Narrator</Field><Field id="6" order="50">Title of Show</Field><Field id="11" order="60">Place Published</Field><Field id="12" order="70">Publisher</Field><Field id="9" order="90">Version</Field><Field id="8" order="100">Number</Field><Field id="5" order="110">Pages</Field><Field id="35" order="120">Running Time</Field><Field id="22" order="130">Producer</Field><Field id="21" order="140">Series Title</Field><Field id="14" order="150">Edition</Field><Field id="17" order="160">Date</Field><Field id="16" order="170">Type</Field><Field id="13" order="180">Translator</Field><Field id="32" order="190">Short Title</Field><Field id="29" order="200">Abbreviation</Field><Field id="24" order="210">ISBN/ISSN</Field><Field id="43" order="220">DOI</Field><Field id="36" order="230">Original Publication</Field><Field id="37" order="240">Reprint Edition</Field><Field id="38" order="250">Reviewed Item</Field><Field id="30" order="340">Accession Number</Field><Field id="31" order="350">Call Number</Field><Field id="19" order="360">Label</Field><Field id="15" order="370">Keywords</Field><Field id="18" order="380">Abstract</Field><Field id="23" order="390">Notes</Field><Field id="49" order="400">Research Notes</Field><Field id="20" order="410">URL</Field><Field id="44" order="420">File Attachments</Field><Field id="39" order="430">Author Address</Field><Field id="40" order="440">Figure</Field><Field id="41" order="450">Caption</Field><Field id="51" order="460">Access Date</Field><Field id="45" order="470">Translated Author</Field><Field id="46" order="480">Translated Title</Field><Field id="47" order="490">Name of Database</Field><Field id="48" order="500">Database Provider</Field><Field id="50" order="510">Language</Field></Fields></RefType><RefType id="52" name="Press Release"><Fields><Field id="2" order="10">Author</Field><Field id="3" order="20">Year</Field><Field id="4" order="30">Title</Field><Field id="10" order="40">Editor</Field><Field id="6" order="50">Secondary Title</Field><Field id="11" order="60">Place Published</Field><Field id="12" order="70">Publisher</Field><Field id="8" order="100">Number of Pages</Field><Field id="5" order="110">Pages</Field><Field id="35" order="120">Section</Field><Field id="22" order="130">Producer</Field><Field id="21" order="140">Location of Work</Field><Field id="14" order="150">Edition</Field><Field id="17" order="160">Date</Field><Field id="16" order="170">Type of Work</Field><Field id="13" order="180">Translator</Field><Field id="32" order="190">Short Title</Field><Field id="29" order="200">Abbreviation</Field><Field id="24" order="210">ISBN/ISSN</Field><Field id="43" order="220">DOI</Field><Field id="36" order="230">Original Publication</Field><Field id="37" order="240">Reprint Edition</Field><Field id="38" order="250">Reviewed Item</Field><Field id="30" order="340">Accession Number</Field><Field id="31" order="350">Call Number</Field><Field id="19" order="360">Label</Field><Field id="15" order="370">Keywords</Field><Field id="18" order="380">Abstract</Field><Field id="23" order="390">Notes</Field><Field id="49" order="400">Research Notes</Field><Field id="20" order="410">URL</Field><Field id="44" order="420">File Attachments</Field><Field id="39" order="430">Author Address</Field><Field id="40" order="440">Figure</Field><Field id="41" order="450">Caption</Field><Field id="51" order="460">Access Date</Field><Field id="45" order="470">Translated Author</Field><Field id="46" order="480">Translated Title</Field><Field id="47" order="490">Name of Database</Field><Field id="48" order="500">Database Provider</Field><Field id="50" order="510">Language</Field></Fields></RefType><RefType id="53" name="Interview"><Fields><Field id="2" order="10">Interviewee</Field><Field id="3" order="20">Year</Field><Field id="4" order="30">Title</Field><Field id="10" order="40">Interviewer</Field><Field id="6" order="50">Program</Field><Field id="11" order="60">Place Published</Field><Field id="12" order="70">Publisher</Field><Field id="8" order="100">Number</Field><Field id="5" order="110">Pages</Field><Field id="35" order="120">Section</Field><Field id="22" order="130">Director</Field><Field id="21" order="140">Location of Work</Field><Field id="14" order="150">Edition</Field><Field id="17" order="160">Date</Field><Field id="16" order="170">Format</Field><Field id="13" order="180">Translator</Field><Field id="32" order="190">Short Title</Field><Field id="29" order="200">Abbreviation</Field><Field id="24" order="210">ISBN/ISSN</Field><Field id="43" order="220">DOI</Field><Field id="36" order="230">Original Publication</Field><Field id="37" order="240">Reprint Edition</Field><Field id="38" order="250">Reviewed Item</Field><Field id="30" order="340">Accession Number</Field><Field id="31" order="350">Call Number</Field><Field id="19" order="360">Label</Field><Field id="15" order="370">Keywords</Field><Field id="18" order="380">Abstract</Field><Field id="23" order="390">Notes</Field><Field id="49" order="400">Research Notes</Field><Field id="20" order="410">URL</Field><Field id="44" order="420">File Attachments</Field><Field id="39" order="430">Author Address</Field><Field id="40" order="440">Figure</Field><Field id="41" order="450">Caption</Field><Field id="51" order="460">Access Date</Field><Field id="45" order="470">Translated Author</Field><Field id="46" order="480">Translated Title</Field><Field id="47" order="490">Name of Database</Field><Field id="48" order="500">Database Provider</Field><Field id="50" order="510">Language</Field></Fields></RefType></RefTypes>